Image,Image_norm,GT_Result,CDR_BBox,Predict_BBox,CDR_Ellipse,Predict_Ellipse
g0001.jpg,g0001,glaucoma,0.5954618,normal,0.5996065105423088,normal
g0002.jpg,g0002,glaucoma,0.7396664,glaucomatous,0.737784115864388,glaucomatous
g0003.jpg,g0003,glaucoma,0.74202317,glaucomatous,0.7455313449329067,glaucomatous
g0006.jpg,g0006,glaucoma,0.77422696,glaucomatous,0.7727584339745982,glaucomatous
g0009.jpg,g0009,glaucoma,0.4904472,normal,0.4878928807452485,normal
g0010.jpg,g0010,glaucoma,0.62623835,glaucomatous,0.6216321962307215,glaucomatous
g0018.jpg,g0018,glaucoma,0.83514297,glaucomatous,0.8351429643000423,glaucomatous
g0019.jpg,g0019,glaucoma,0.6096579,glaucomatous,0.6100295970618674,glaucomatous
g0023.jpg,g0023,glaucoma,0.60750073,glaucomatous,0.6048738786035203,glaucomatous
g0024.jpg,g0024,glaucoma,0.8242903,glaucomatous,0.8258475574351836,glaucomatous
g0026.jpg,g0026,glaucoma,0.7145864,glaucomatous,0.715169057037926,glaucomatous
g0028.jpg,g0028,glaucoma,0.7983348,glaucomatous,0.8010013618294873,glaucomatous
g0029.jpg,g0029,glaucoma,0.6433969,glaucomatous,0.6435282881715189,glaucomatous
g0031.jpg,g0031,glaucoma,0.6709221,glaucomatous,0.6666600675764439,glaucomatous
g0038.jpg,g0038,glaucoma,0.8103028,glaucomatous,0.8101533794365743,glaucomatous
g0040.jpg,g0040,glaucoma,0.7946461,glaucomatous,0.7908112984017699,glaucomatous
n0049.jpg,n0049,normal,0.5774208,normal,0.5668253442371659,normal
n0131.jpg,n0131,normal,0.40385795,normal,0.40260973700700003,normal
n0173.jpg,n0173,normal,0.41492873,normal,0.4177373814624197,normal
n0187.jpg,n0187,normal,0.42637432,normal,0.42507608001662767,normal
n0212.jpg,n0212,normal,0.4209925,normal,0.41977249952521856,normal
n0221.jpg,n0221,normal,0.5482701,normal,0.5431315628346408,normal
n0265.jpg,n0265,normal,0.44025582,normal,0.4330726618272735,normal
n0276.jpg,n0276,normal,0.46306083,normal,0.4502510443940013,normal
n0350.jpg,n0350,normal,0.44501692,normal,0.43909695215208316,normal
T0010.jpg,T0010,glaucoma,0.6855155,glaucomatous,0.6911058072631384,glaucomatous
T0017.jpg,T0017,glaucoma,0.7921517,glaucomatous,0.7923562722407128,glaucomatous
T0028.jpg,T0028,glaucoma,0.6895597,glaucomatous,0.6898546002800617,glaucomatous
T0034.jpg,T0034,normal,0.54321796,normal,0.5408098894429055,normal
T0053.jpg,T0053,glaucoma,0.5423437,normal,0.5326359993673407,normal
T0056.jpg,T0056,normal,0.50550663,normal,0.4992864826589672,normal
T0059.jpg,T0059,glaucoma,0.7034761,glaucomatous,0.7086625378291059,glaucomatous
T0060.jpg,T0060,normal,0.45165312,normal,0.45143766500475835,normal
T0092.jpg,T0092,normal,0.35581833,normal,0.35380771430402136,normal
T0095.jpg,T0095,normal,0.4919348,normal,0.48951683421425246,normal
T0136.jpg,T0136,normal,0.50316125,normal,0.49473731054740555,normal
T0188.jpg,T0188,glaucoma,0.5868727,normal,0.583786321725424,normal
T0212.jpg,T0212,glaucoma,0.6224597,glaucomatous,0.620853011735145,glaucomatous
T0215.jpg,T0215,normal,0.42562371,normal,0.42421605325299744,normal
T0234.jpg,T0234,glaucoma,0.691467,glaucomatous,0.6929935514007141,glaucomatous
T0263.jpg,T0263,glaucoma,0.6245829,glaucomatous,0.6331251771124352,glaucomatous
T0271.jpg,T0271,glaucoma,0.9153848,glaucomatous,0.9143636545962476,glaucomatous
T0274.jpg,T0274,normal,0.4503634,normal,0.4508046936202532,normal
T0295.jpg,T0295,glaucoma,0.6742878,glaucomatous,0.6772415468796704,glaucomatous
T0309.jpg,T0309,normal,0.5854118,normal,0.5807461811913206,normal
T0313.jpg,T0313,normal,0.43844116,normal,0.4360795786205965,normal
T0321.jpg,T0321,normal,0.54851913,normal,0.5435413442763415,normal
T0326.jpg,T0326,normal,0.50490963,normal,0.5025556963407675,normal
T0342.jpg,T0342,glaucoma,0.7723339,glaucomatous,0.7685429166265604,glaucomatous
T0344.jpg,T0344,normal,0.5620033,normal,0.5543320064152449,normal
T0351.jpg,T0351,normal,0.49037826,normal,0.489874990885445,normal
T0363.jpg,T0363,glaucoma,0.7482901,glaucomatous,0.747347630043901,glaucomatous
T0370.jpg,T0370,glaucoma,0.69865805,glaucomatous,0.7037527439796865,glaucomatous
T0385.jpg,T0385,normal,0.55234545,normal,0.5583156672013827,normal
T0395.jpg,T0395,normal,0.60239923,glaucomatous,0.5956690853069967,normal
T0397.jpg,T0397,glaucoma,0.70331645,glaucomatous,0.7006977697582796,glaucomatous
V0026.jpg,V0026,glaucoma,0.6627472,glaucomatous,0.6572927986719884,glaucomatous
V0043.jpg,V0043,normal,0.5426047,normal,0.5357342076042957,normal
V0049.jpg,V0049,glaucoma,0.70690995,glaucomatous,0.6930860640195359,glaucomatous
V0098.jpg,V0098,glaucoma,0.60520554,glaucomatous,0.6009876161413318,glaucomatous
V0113.jpg,V0113,normal,0.5607142,normal,0.5580790531745807,normal
V0128.jpg,V0128,glaucoma,0.6275602,glaucomatous,0.6219264279629634,glaucomatous
V0129.jpg,V0129,normal,0.3487428,normal,0.3436655381575143,normal
V0167.jpg,V0167,normal,0.6056503,glaucomatous,0.5977118252831489,normal
V0182.jpg,V0182,normal,0.5602395,normal,0.5600937202827636,normal
V0195.jpg,V0195,normal,0.50100523,normal,0.4982606075670845,normal
V0296.jpg,V0296,normal,0.4809862,normal,0.4759306432501965,normal
V0299.jpg,V0299,normal,0.44363403,normal,0.4419344321350531,normal
V0313.jpg,V0313,normal,0.49066126,normal,0.48333018635150793,normal
V0323.jpg,V0323,normal,0.47903717,normal,0.4736415207607831,normal
V0336.jpg,V0336,normal,0.4854561,normal,0.48451494867563927,normal
V0383.jpg,V0383,glaucoma,0.75090367,glaucomatous,0.7672749733439364,glaucomatous
