Image,GT_CDR,CDR_BBox,CDR_Ellipse,BBox_Error,Ellipse_Error,Error_Reduction,Closer_to_GT
g0001.jpg,0.624294,0.5954618,0.5996065105423088,0.028832214206695572,0.02468748945769117,0.004144724749004403,Refined cup ellipse
g0002.jpg,0.802899,0.7396664,0.737784115864388,0.06323259766006473,0.06511488413561206,-0.0018822864755473345,BBox
g0003.jpg,0.791045,0.74202317,0.7455313449329067,0.04902183000564575,0.04551365506709326,0.0035081749385524885,Refined cup ellipse
g0006.jpg,0.713043,0.77422696,0.7727584339745982,0.061183963520050066,0.05971543397459822,0.0014685295454518466,Refined cup ellipse
g0009.jpg,0.506623,0.4904472,0.4878928807452485,0.016175806615829513,0.018730119254751543,-0.0025543126389220294,BBox
g0010.jpg,0.630573,0.62623835,0.6216321962307215,0.0043346539001465345,0.008940803769278527,-0.004606149869131992,BBox
g0018.jpg,0.894737,0.83514297,0.8351429643000423,0.05959402991485596,0.05959403569995769,-5.785101730992892e-09,BBox
g0019.jpg,0.624224,0.6096579,0.6100295970618674,0.014566116355895997,0.014194402938132566,0.0003717134177634307,Refined cup ellipse
g0023.jpg,0.547278,0.60750073,0.6048738786035203,0.0602227319450378,0.05759587860352022,0.0026268533415175765,Refined cup ellipse
g0024.jpg,0.698795,0.8242903,0.8258475574351836,0.1254952755737304,0.1270525574351835,-0.001557281861453097,BBox
g0026.jpg,0.888218,0.7145864,0.715169057037926,0.1736316228561401,0.17304894296207396,0.0005826798940661293,Refined cup ellipse
g0028.jpg,0.793103,0.7983348,0.8010013618294873,0.005231777355194089,0.007898361829487333,-0.002666584474293243,BBox
g0029.jpg,0.636986,0.6433969,0.6435282881715189,0.006410914005279489,0.006542288171518806,-0.00013137416623931752,BBox
g0031.jpg,0.786942,0.6709221,0.6666600675764439,0.1160198994560242,0.12028193242355611,-0.004262032967531915,BBox
g0038.jpg,0.759644,0.8103028,0.8101533794365743,0.05065879397964479,0.0505093794365743,0.00014941454307049185,Refined cup ellipse
g0040.jpg,0.847176,0.7946461,0.7908112984017699,0.05252991569137577,0.05636470159823015,-0.0038347859068543766,BBox
n0049.jpg,0.468665,0.5774208,0.5668253442371659,0.10875577112197876,0.09816034423716591,0.010595426884812853,Refined cup ellipse
n0131.jpg,0.371875,0.40385795,0.40260973700700003,0.03198294639587401,0.030734737007000024,0.0012482093888739887,Refined cup ellipse
n0173.jpg,0.471186,0.41492873,0.4177373814624197,0.05625726569747924,0.05344861853758032,0.002808647159898925,Refined cup ellipse
n0187.jpg,0.344371,0.42637432,0.42507608001662767,0.08200331621551515,0.08070508001662768,0.0012982361988874702,Refined cup ellipse
n0212.jpg,0.342262,0.4209925,0.41977249952521856,0.07873049362945556,0.07751049952521855,0.00121999410423701,Refined cup ellipse
n0221.jpg,0.50625,0.5482701,0.5431315628346408,0.042020106315612815,0.036881562834640835,0.00513854348097198,Refined cup ellipse
n0265.jpg,0.42284,0.44025582,0.4330726618272735,0.017415820751190192,0.010232661827273504,0.007183158923916688,Refined cup ellipse
n0276.jpg,0.424403,0.46306083,0.4502510443940013,0.03865782606315615,0.025848044394001346,0.012809781669154807,Refined cup ellipse
n0350.jpg,0.421053,0.44501692,0.43909695215208316,0.023963920566558827,0.018043952152083154,0.005919968414475674,Refined cup ellipse
T0010.jpg,0.69145,0.6855155,0.6911058072631384,0.0059344770431518645,0.0003441927368615927,0.005590284306290272,Refined cup ellipse
T0017.jpg,0.763359,0.7921517,0.7923562722407128,0.028792689529418936,0.0289972722407128,-0.00020458271129386585,BBox
T0028.jpg,0.70751,0.6895597,0.6898546002800617,0.017950301895141574,0.017655399719938236,0.0002949021752033376,Refined cup ellipse
T0034.jpg,0.483607,0.54321796,0.5408098894429055,0.0596109570198059,0.057202889442905525,0.0024080675769003745,Refined cup ellipse
T0053.jpg,0.581897,0.5423437,0.5326359993673407,0.03955332390975952,0.04926100063265926,-0.009707676722899738,BBox
T0056.jpg,0.39916,0.50550663,0.4992864826589672,0.10634663471221922,0.10012648265896718,0.006220152053252048,Refined cup ellipse
T0059.jpg,0.808594,0.7034761,0.7086625378291059,0.10511792864227298,0.0999314621708941,0.005186466471378881,Refined cup ellipse
T0060.jpg,0.407115,0.45165312,0.45143766500475835,0.0445381229019165,0.044322665004758344,0.00021545789715815555,Refined cup ellipse
T0092.jpg,0.314894,0.35581833,0.35380771430402136,0.04092433124160766,0.03891371430402135,0.002010616937586307,Refined cup ellipse
T0095.jpg,0.439516,0.4919348,0.48951683421425246,0.052418806108474714,0.05000083421425244,0.0024179718942222705,Refined cup ellipse
T0136.jpg,0.461832,0.50316125,0.49473731054740555,0.04132925154495237,0.03290531054740553,0.008423940997546842,Refined cup ellipse
T0188.jpg,0.626667,0.5868727,0.583786321725424,0.039794303123474095,0.04288067827457598,-0.0030863751511018833,BBox
T0212.jpg,0.609959,0.6224597,0.620853011735145,0.012500709644317598,0.010894011735144926,0.0016066979091726719,Refined cup ellipse
T0215.jpg,0.411765,0.42562371,0.42421605325299744,0.01385871492385865,0.012451053252997446,0.0014076616708612044,Refined cup ellipse
T0234.jpg,0.679104,0.691467,0.6929935514007141,0.012362987133026082,0.013889551400714018,-0.0015265642676879354,BBox
T0263.jpg,0.65411,0.6245829,0.6331251771124352,0.029527113304138153,0.020984822887564758,0.008542290416573395,Refined cup ellipse
T0271.jpg,0.816667,0.9153848,0.9143636545962476,0.09871782904434201,0.09769665459624755,0.001021174448094464,Refined cup ellipse
T0274.jpg,0.455696,0.4503634,0.4508046936202532,0.005332602401733388,0.004891306379746774,0.00044129602198661466,Refined cup ellipse
T0295.jpg,0.742063,0.6742878,0.6772415468796704,0.06777520397949222,0.06482145312032961,0.002953750859162607,Refined cup ellipse
T0309.jpg,0.540925,0.5854118,0.5807461811913206,0.044486787033081066,0.03982118119132061,0.004665605841760456,Refined cup ellipse
T0313.jpg,0.433333,0.43844116,0.4360795786205965,0.005108157341003394,0.0027465786205964626,0.0023615787204069316,Refined cup ellipse
T0321.jpg,0.465986,0.54851913,0.5435413442763415,0.08253313452148436,0.07755534427634148,0.004977790245142888,Refined cup ellipse
T0326.jpg,0.5,0.50490963,0.5025556963407675,0.004909634590148926,0.002555696340767466,0.00235393824938146,Refined cup ellipse
T0342.jpg,0.741667,0.7723339,0.7685429166265604,0.030666920001983677,0.026875916626560414,0.003791003375423263,Refined cup ellipse
T0344.jpg,0.551331,0.5620033,0.5543320064152449,0.010672314495086654,0.0030010064152449223,0.007671308079841732,Refined cup ellipse
T0351.jpg,0.525,0.49037826,0.489874990885445,0.03462173938751223,0.03512500911455502,-0.0005032697270427877,BBox
T0363.jpg,0.738956,0.7482901,0.747347630043901,0.009334121555328423,0.008391630043901088,0.0009424915114273347,Refined cup ellipse
T0370.jpg,0.697842,0.69865805,0.7037527439796865,0.0008160491065979381,0.005910743979686495,-0.005094694873088557,BBox
T0385.jpg,0.604,0.55234545,0.5583156672013827,0.051654545307159405,0.04568433279861728,0.005970212508542128,Refined cup ellipse
T0395.jpg,0.585821,0.60239923,0.5956690853069967,0.016578230003356897,0.009848085306996657,0.006730144696360241,Refined cup ellipse
T0397.jpg,0.771084,0.70331645,0.7006977697582796,0.06776754988098144,0.07038623024172042,-0.0026186803607389786,BBox
V0026.jpg,0.647059,0.6627472,0.6572927986719884,0.015688204303741404,0.01023379867198837,0.005454405631753034,Refined cup ellipse
V0043.jpg,0.531381,0.5426047,0.5357342076042957,0.011223684829711922,0.004353207604295695,0.006870477225416227,Refined cup ellipse
V0049.jpg,0.741445,0.70690995,0.6930860640195359,0.03453504545211794,0.048358935980464146,-0.013823890528346205,BBox
V0098.jpg,0.501587,0.60520554,0.6009876161413318,0.10361853588867187,0.09940061614133178,0.004217919747340093,Refined cup ellipse
V0113.jpg,0.519856,0.5607142,0.5580790531745807,0.04085818523788454,0.038223053174580746,0.002635132063303791,Refined cup ellipse
V0128.jpg,0.612648,0.6275602,0.6219264279629634,0.014912198307037383,0.00927842796296341,0.005633770344073974,Refined cup ellipse
V0129.jpg,0.323077,0.3487428,0.3436655381575143,0.02566581287193298,0.020588538157514324,0.005077274714418656,Refined cup ellipse
V0167.jpg,0.503401,0.6056503,0.5977118252831489,0.10224930574798585,0.09431082528314894,0.007938480464836917,Refined cup ellipse
V0182.jpg,0.405,0.5602395,0.5600937202827636,0.15523949384689328,0.15509372028276358,0.0001457735641297031,Refined cup ellipse
V0195.jpg,0.419929,0.50100523,0.4982606075670845,0.08107623233413697,0.07833160756708452,0.0027446247670524504,Refined cup ellipse
V0296.jpg,0.426829,0.4809862,0.4759306432501965,0.05415720772361754,0.0491016432501965,0.005055564473421037,Refined cup ellipse
V0299.jpg,0.408511,0.44363403,0.4419344321350531,0.03512303320312499,0.03342343213505311,0.0016996010680718765,Refined cup ellipse
V0313.jpg,0.454198,0.49066126,0.48333018635150793,0.03646326346588136,0.029132186351507938,0.007331077114373419,Refined cup ellipse
V0323.jpg,0.398305,0.47903717,0.4736415207607831,0.08073216564178465,0.07533652076078307,0.005395644881001582,Refined cup ellipse
V0336.jpg,0.465909,0.4854561,0.48451494867563927,0.019547109046936018,0.01860594867563925,0.0009411603712967676,Refined cup ellipse
V0383.jpg,0.78022,0.75090367,0.7672749733439364,0.029316333980560327,0.012945026656063674,0.016371307324496653,Refined cup ellipse
