Image,OC_Confidence,OD_Confidence,CDR_BBox,Result
T0010.jpg,0.7898160815238953,0.9006098508834839,0.6855155,glaucomatous
T0017.jpg,0.8173331618309021,0.8793643116950989,0.7921517,glaucomatous
T0028.jpg,0.8166594505310059,0.8767402768135071,0.6895597,glaucomatous
T0034.jpg,0.6456202268600464,0.8838858604431152,0.54321796,normal
T0053.jpg,0.7830118536949158,0.8821631669998169,0.5423437,normal
T0056.jpg,0.7653545141220093,0.8795386552810669,0.50550663,normal
T0059.jpg,0.7136890888214111,0.8832399845123291,0.7034761,glaucomatous
T0060.jpg,0.7685809135437012,0.877427875995636,0.45165312,normal
T0092.jpg,0.6504731178283691,0.8662678599357605,0.35581833,normal
T0095.jpg,0.7842903733253479,0.8939502239227295,0.4919348,normal
T0136.jpg,0.7531483769416809,0.8936845064163208,0.50316125,normal
T0188.jpg,0.7665075659751892,0.858515739440918,0.5868727,normal
T0212.jpg,0.8090766072273254,0.8865139484405518,0.6224597,glaucomatous
T0215.jpg,0.7892256379127502,0.8864544630050659,0.42562371,normal
T0234.jpg,0.7390298843383789,0.8880696296691895,0.691467,glaucomatous
T0263.jpg,0.7860756516456604,0.8733477592468262,0.6245829,glaucomatous
T0271.jpg,0.7971120476722717,0.8770107626914978,0.9153848,glaucomatous
T0274.jpg,0.7768105268478394,0.8774752616882324,0.4503634,normal
T0295.jpg,0.7377643585205078,0.8863328695297241,0.6742878,glaucomatous
T0309.jpg,0.7890031933784485,0.8703789710998535,0.5854118,normal
T0313.jpg,0.704109251499176,0.8812944293022156,0.43844116,normal
T0321.jpg,0.7927650809288025,0.884550929069519,0.54851913,normal
T0326.jpg,0.7075539231300354,0.891382098197937,0.50490963,normal
T0342.jpg,0.7708473801612854,0.87383633852005,0.7723339,glaucomatous
T0344.jpg,0.7917917966842651,0.8888772130012512,0.5620033,normal
T0351.jpg,0.6646308898925781,0.8722442984580994,0.49037826,normal
T0363.jpg,0.808867871761322,0.895308792591095,0.7482901,glaucomatous
T0370.jpg,0.818391740322113,0.8894597887992859,0.69865805,glaucomatous
T0385.jpg,0.738405704498291,0.8804990649223328,0.55234545,normal
T0395.jpg,0.7994799613952637,0.883528470993042,0.60239923,glaucomatous
T0397.jpg,0.6832593679428101,0.8832019567489624,0.70331645,glaucomatous
V0026.jpg,0.7827004790306091,0.8723236322402954,0.6627472,glaucomatous
V0043.jpg,0.8222963213920593,0.8730285167694092,0.5426047,normal
V0049.jpg,0.7809791564941406,0.8815223574638367,0.70690995,glaucomatous
V0098.jpg,0.5998198390007019,0.8848844170570374,0.60520554,glaucomatous
V0113.jpg,0.780681312084198,0.8744502067565918,0.5607142,normal
V0128.jpg,0.7766320705413818,0.8760572075843811,0.6275602,glaucomatous
V0129.jpg,0.7027888298034668,0.8480750322341919,0.3487428,normal
V0167.jpg,0.7795329093933105,0.8722428679466248,0.6056503,glaucomatous
V0182.jpg,0.528856098651886,0.8287709355354309,0.5602395,normal
V0195.jpg,0.6921898722648621,0.8828759789466858,0.50100523,normal
V0296.jpg,0.7871226072311401,0.8876675367355347,0.4809862,normal
V0299.jpg,0.7658135294914246,0.8776648044586182,0.44363403,normal
V0313.jpg,0.7773858904838562,0.8910408616065979,0.49066126,normal
V0323.jpg,0.35210472345352173,0.8853164315223694,0.47903717,normal
V0336.jpg,0.753304123878479,0.8758628368377686,0.4854561,normal
V0383.jpg,0.6727240681648254,0.8802030682563782,0.75090367,glaucomatous
g0001.jpg,0.7061764001846313,0.8798167109489441,0.5954618,normal
g0002.jpg,0.6770241260528564,0.8742251396179199,0.7396664,glaucomatous
g0003.jpg,0.7975543737411499,0.8885713219642639,0.74202317,glaucomatous
g0006.jpg,0.7783164978027344,0.8745513558387756,0.77422696,glaucomatous
g0009.jpg,0.7964127659797668,0.8842472434043884,0.4904472,normal
g0010.jpg,0.8170623183250427,0.8836278319358826,0.62623835,glaucomatous
g0018.jpg,0.7726417779922485,0.8810554146766663,0.83514297,glaucomatous
g0019.jpg,0.755373477935791,0.8967719078063965,0.6096579,glaucomatous
g0023.jpg,0.811880886554718,0.8725572824478149,0.60750073,glaucomatous
g0024.jpg,0.6514354348182678,0.8864545226097107,0.8242903,glaucomatous
g0026.jpg,0.7746606469154358,0.8799042701721191,0.7145864,glaucomatous
g0028.jpg,0.7981582283973694,0.8849877715110779,0.7983348,glaucomatous
g0029.jpg,0.7124436497688293,0.8777000904083252,0.6433969,glaucomatous
g0031.jpg,0.785065233707428,0.8860288262367249,0.6709221,glaucomatous
g0038.jpg,0.704461395740509,0.8907531499862671,0.8103028,glaucomatous
g0040.jpg,0.6852404475212097,0.8740522265434265,0.7946461,glaucomatous
n0049.jpg,0.8215502500534058,0.8798670768737793,0.5774208,normal
n0131.jpg,0.7884790301322937,0.8892185688018799,0.40385795,normal
n0173.jpg,0.7547174692153931,0.8862884044647217,0.41492873,normal
n0187.jpg,0.7896740436553955,0.884023129940033,0.42637432,normal
n0212.jpg,0.576368510723114,0.8808956146240234,0.4209925,normal
n0221.jpg,0.7717610597610474,0.883371114730835,0.5482701,normal
n0265.jpg,0.7629131078720093,0.8879199624061584,0.44025582,normal
n0276.jpg,0.7714986801147461,0.8855630159378052,0.46306083,normal
n0350.jpg,0.7683616280555725,0.8841021656990051,0.44501692,normal
