Image,CDR_Ellipse,Result,Ellipse_Method,Boundary_Points
T0010.jpg,0.6911058072631384,glaucomatous,Image-supported cup fit (conservative correction),73
T0017.jpg,0.7923562722407128,glaucomatous,Image-supported cup fit (conservative correction),85
T0028.jpg,0.6898546002800617,glaucomatous,Image-supported cup fit (conservative correction),110
T0034.jpg,0.5408098894429055,normal,Image-supported cup fit (conservative correction),78
T0053.jpg,0.5326359993673407,normal,Image-supported cup fit (conservative correction),76
T0056.jpg,0.4992864826589672,normal,Image-supported cup fit (conservative correction),66
T0059.jpg,0.7086625378291059,glaucomatous,Image-supported cup fit (conservative correction),106
T0060.jpg,0.45143766500475835,normal,Image-supported cup fit (conservative correction),66
T0092.jpg,0.35380771430402136,normal,Image-supported cup fit (conservative correction),75
T0095.jpg,0.48951683421425246,normal,Image-supported cup fit (conservative correction),93
T0136.jpg,0.49473731054740555,normal,Image-supported cup fit (conservative correction),55
T0188.jpg,0.583786321725424,normal,Image-supported cup fit (conservative correction),80
T0212.jpg,0.620853011735145,glaucomatous,Image-supported cup fit (conservative correction),82
T0215.jpg,0.42421605325299744,normal,Image-supported cup fit (conservative correction),79
T0234.jpg,0.6929935514007141,glaucomatous,Image-supported cup fit (conservative correction),73
T0263.jpg,0.6331251771124352,glaucomatous,Image-supported cup fit (conservative correction),84
T0271.jpg,0.9143636545962476,glaucomatous,Image-supported cup fit (conservative correction),92
T0274.jpg,0.4508046936202532,normal,Image-supported cup fit (conservative correction),93
T0295.jpg,0.6772415468796704,glaucomatous,Image-supported cup fit (conservative correction),89
T0309.jpg,0.5807461811913206,normal,Image-supported cup fit (conservative correction),97
T0313.jpg,0.4360795786205965,normal,Image-supported cup fit (conservative correction),59
T0321.jpg,0.5435413442763415,normal,Image-supported cup fit (conservative correction),100
T0326.jpg,0.5025556963407675,normal,Image-supported cup fit (conservative correction),80
T0342.jpg,0.7685429166265604,glaucomatous,Image-supported cup fit (conservative correction),92
T0344.jpg,0.5543320064152449,normal,Image-supported cup fit (conservative correction),77
T0351.jpg,0.489874990885445,normal,Image-supported cup fit (conservative correction),68
T0363.jpg,0.747347630043901,glaucomatous,Image-supported cup fit (conservative correction),76
T0370.jpg,0.7037527439796865,glaucomatous,Image-supported cup fit (conservative correction),82
T0385.jpg,0.5583156672013827,normal,Image-supported cup fit (conservative correction),72
T0395.jpg,0.5956690853069967,normal,Image-supported cup fit (conservative correction),88
T0397.jpg,0.7006977697582796,glaucomatous,Image-supported cup fit (conservative correction),91
V0026.jpg,0.6572927986719884,glaucomatous,Image-supported cup fit (conservative correction),99
V0043.jpg,0.5357342076042957,normal,Image-supported cup fit (conservative correction),90
V0049.jpg,0.6930860640195359,glaucomatous,Image-supported cup fit (conservative correction),83
V0098.jpg,0.6009876161413318,glaucomatous,Image-supported cup fit (conservative correction),92
V0113.jpg,0.5580790531745807,normal,Image-supported cup fit (conservative correction),66
V0128.jpg,0.6219264279629634,glaucomatous,Image-supported cup fit (conservative correction),93
V0129.jpg,0.3436655381575143,normal,Image-supported cup fit (conservative correction),54
V0167.jpg,0.5977118252831489,normal,Image-supported cup fit (conservative correction),68
V0182.jpg,0.5600937202827636,normal,Image-supported cup fit (conservative correction),63
V0195.jpg,0.4982606075670845,normal,Image-supported cup fit (conservative correction),57
V0296.jpg,0.4759306432501965,normal,Image-supported cup fit (conservative correction),67
V0299.jpg,0.4419344321350531,normal,Image-supported cup fit (conservative correction),81
V0313.jpg,0.48333018635150793,normal,Image-supported cup fit (conservative correction),66
V0323.jpg,0.4736415207607831,normal,Image-supported cup fit (conservative correction),61
V0336.jpg,0.48451494867563927,normal,Image-supported cup fit (conservative correction),90
V0383.jpg,0.7672749733439364,glaucomatous,Image-supported cup fit (conservative correction),94
g0001.jpg,0.5996065105423088,normal,Image-supported cup fit (conservative correction),77
g0002.jpg,0.737784115864388,glaucomatous,Image-supported cup fit (conservative correction),81
g0003.jpg,0.7455313449329067,glaucomatous,Image-supported cup fit (conservative correction),105
g0006.jpg,0.7727584339745982,glaucomatous,Image-supported cup fit (conservative correction),97
g0009.jpg,0.4878928807452485,normal,Image-supported cup fit (conservative correction),81
g0010.jpg,0.6216321962307215,glaucomatous,Image-supported cup fit (conservative correction),77
g0018.jpg,0.8351429643000423,glaucomatous,BBox fallback: fit extends beyond disc,0
g0019.jpg,0.6100295970618674,glaucomatous,Image-supported cup fit (conservative correction),76
g0023.jpg,0.6048738786035203,glaucomatous,Image-supported cup fit (conservative correction),90
g0024.jpg,0.8258475574351836,glaucomatous,Image-supported cup fit (conservative correction),82
g0026.jpg,0.715169057037926,glaucomatous,Image-supported cup fit (conservative correction),105
g0028.jpg,0.8010013618294873,glaucomatous,Image-supported cup fit (conservative correction),93
g0029.jpg,0.6435282881715189,glaucomatous,Image-supported cup fit (conservative correction),93
g0031.jpg,0.6666600675764439,glaucomatous,Image-supported cup fit (conservative correction),104
g0038.jpg,0.8101533794365743,glaucomatous,Image-supported cup fit (conservative correction),98
g0040.jpg,0.7908112984017699,glaucomatous,Image-supported cup fit (conservative correction),67
n0049.jpg,0.5668253442371659,normal,Image-supported cup fit (conservative correction),77
n0131.jpg,0.40260973700700003,normal,Image-supported cup fit (conservative correction),67
n0173.jpg,0.4177373814624197,normal,Image-supported cup fit (conservative correction),84
n0187.jpg,0.42507608001662767,normal,Image-supported cup fit (conservative correction),81
n0212.jpg,0.41977249952521856,normal,Image-supported cup fit (conservative correction),65
n0221.jpg,0.5431315628346408,normal,Image-supported cup fit (conservative correction),59
n0265.jpg,0.4330726618272735,normal,Image-supported cup fit (conservative correction),80
n0276.jpg,0.4502510443940013,normal,Image-supported cup fit (conservative correction),76
n0350.jpg,0.43909695215208316,normal,Image-supported cup fit (conservative correction),69
