Image,GT_CDR
T0001.jpg,0.504132
T0002.jpg,0.354067
T0003.jpg,0.508547
T0004.jpg,0.481605
T0005.jpg,0.409091
T0006.jpg,0.492908
T0007.jpg,0.325203
T0008.jpg,0.435146
T0009.jpg,0.590038
T0010.jpg,0.691450
T0011.jpg,0.471042
T0012.jpg,0.366667
T0013.jpg,0.613383
T0014.jpg,0.397059
T0015.jpg,0.406375
T0016.jpg,0.419608
T0017.jpg,0.763359
T0018.jpg,0.496063
T0019.jpg,0.552632
T0020.jpg,0.384298
T0021.jpg,0.679868
T0022.jpg,0.479245
T0023.jpg,0.459574
T0024.jpg,0.454955
T0025.jpg,0.318627
T0026.jpg,0.492481
T0027.jpg,0.369478
T0028.jpg,0.707510
T0029.jpg,0.512500
T0030.jpg,0.568627
T0031.jpg,0.666667
T0032.jpg,0.382609
T0033.jpg,0.492593
T0034.jpg,0.483607
T0035.jpg,0.411523
T0036.jpg,0.263345
T0037.jpg,0.464730
T0038.jpg,0.417778
T0039.jpg,0.445783
T0040.jpg,0.473077
T0041.jpg,0.324000
T0042.jpg,0.543796
T0043.jpg,0.592453
T0044.jpg,0.358491
T0045.jpg,0.460526
T0046.jpg,0.376518
T0047.jpg,0.588652
T0048.jpg,0.366516
T0049.jpg,0.798701
T0050.jpg,0.375465
T0051.jpg,0.503472
T0052.jpg,0.412698
T0053.jpg,0.581897
T0054.jpg,0.477551
T0055.jpg,0.435294
T0056.jpg,0.399160
T0057.jpg,0.394422
T0058.jpg,0.337553
T0059.jpg,0.808594
T0060.jpg,0.407115
T0061.jpg,0.500000
T0062.jpg,0.410569
T0063.jpg,0.730216
T0064.jpg,0.462687
T0065.jpg,0.428571
T0066.jpg,0.542017
T0067.jpg,0.431159
T0068.jpg,0.393574
T0069.jpg,0.450909
T0070.jpg,0.512367
T0071.jpg,0.523622
T0072.jpg,0.407407
T0073.jpg,0.544000
T0074.jpg,0.370492
T0075.jpg,0.340426
T0076.jpg,0.400000
T0077.jpg,0.604167
T0078.jpg,0.324138
T0079.jpg,0.450216
T0080.jpg,0.675182
T0081.jpg,0.399160
T0082.jpg,0.418868
T0083.jpg,0.411765
T0084.jpg,0.541176
T0085.jpg,0.507194
T0086.jpg,0.368421
T0087.jpg,0.436508
T0088.jpg,0.457944
T0089.jpg,0.476923
T0090.jpg,0.590406
T0091.jpg,0.470852
T0092.jpg,0.314894
T0093.jpg,0.498270
T0094.jpg,0.666667
T0095.jpg,0.439516
T0096.jpg,0.632353
T0097.jpg,0.452174
T0098.jpg,0.423423
T0099.jpg,0.428058
T0100.jpg,0.409449
T0101.jpg,0.543071
T0102.jpg,0.344130
T0103.jpg,0.500000
T0104.jpg,0.448000
T0105.jpg,0.567273
T0106.jpg,0.495690
T0107.jpg,0.492308
T0108.jpg,0.374046
T0109.jpg,0.470588
T0110.jpg,0.371901
T0111.jpg,0.337838
T0112.jpg,0.570833
T0113.jpg,0.404040
T0114.jpg,0.510204
T0115.jpg,0.429752
T0116.jpg,0.633333
T0117.jpg,0.516014
T0118.jpg,0.372807
T0119.jpg,0.749164
T0120.jpg,0.465863
T0121.jpg,0.556000
T0122.jpg,0.419355
T0123.jpg,0.579909
T0124.jpg,0.371795
T0125.jpg,0.361702
T0126.jpg,0.420635
T0127.jpg,0.518519
T0128.jpg,0.354545
T0129.jpg,0.451613
T0130.jpg,0.480159
T0131.jpg,0.405983
T0132.jpg,0.360000
T0133.jpg,0.470149
T0134.jpg,0.327869
T0135.jpg,0.387387
T0136.jpg,0.461832
T0137.jpg,0.464435
T0138.jpg,0.630597
T0139.jpg,0.401639
T0140.jpg,0.350943
T0141.jpg,0.466387
T0142.jpg,0.481982
T0143.jpg,0.352459
T0144.jpg,0.356522
T0145.jpg,0.435540
T0146.jpg,0.379061
T0147.jpg,0.628000
T0148.jpg,0.631387
T0149.jpg,0.446903
T0150.jpg,0.384615
T0151.jpg,0.384328
T0152.jpg,0.354978
T0153.jpg,0.412017
T0154.jpg,0.531120
T0155.jpg,0.536122
T0156.jpg,0.509225
T0157.jpg,0.442231
T0158.jpg,0.408511
T0159.jpg,0.498195
T0160.jpg,0.408907
T0161.jpg,0.525253
T0162.jpg,0.381526
T0163.jpg,0.606426
T0164.jpg,0.374468
T0165.jpg,0.547038
T0166.jpg,0.397213
T0167.jpg,0.485106
T0168.jpg,0.438462
T0169.jpg,0.423387
T0170.jpg,0.467181
T0171.jpg,0.553279
T0172.jpg,0.412322
T0173.jpg,0.337398
T0174.jpg,0.525952
T0175.jpg,0.388186
T0176.jpg,0.606178
T0177.jpg,0.634812
T0178.jpg,0.520548
T0179.jpg,0.557196
T0180.jpg,0.378723
T0181.jpg,0.351351
T0182.jpg,0.351020
T0183.jpg,0.316206
T0184.jpg,0.399142
T0185.jpg,0.399083
T0186.jpg,0.354839
T0187.jpg,0.558333
T0188.jpg,0.626667
T0189.jpg,0.362205
T0190.jpg,0.359684
T0191.jpg,0.548638
T0192.jpg,0.414063
T0193.jpg,0.505119
T0194.jpg,0.439850
T0195.jpg,0.446154
T0196.jpg,0.431095
T0197.jpg,0.385892
T0198.jpg,0.400810
T0199.jpg,0.415094
T0200.jpg,0.458015
T0201.jpg,0.552542
T0202.jpg,0.400709
T0203.jpg,0.460938
T0204.jpg,0.548000
T0205.jpg,0.431624
T0206.jpg,0.516981
T0207.jpg,0.483721
T0208.jpg,0.370044
T0209.jpg,0.351695
T0210.jpg,0.327731
T0211.jpg,0.379699
T0212.jpg,0.609959
T0213.jpg,0.388646
T0214.jpg,0.407080
T0215.jpg,0.411765
T0216.jpg,0.493724
T0217.jpg,0.568266
T0218.jpg,0.510135
T0219.jpg,0.494253
T0220.jpg,0.344828
T0221.jpg,0.345238
T0222.jpg,0.398374
T0223.jpg,0.785235
T0224.jpg,0.333333
T0225.jpg,0.565217
T0226.jpg,0.414530
T0227.jpg,0.425000
T0228.jpg,0.411765
T0229.jpg,0.607273
T0230.jpg,0.468750
T0231.jpg,0.506024
T0232.jpg,0.463710
T0233.jpg,0.522523
T0234.jpg,0.679104
T0235.jpg,0.408333
T0236.jpg,0.528302
T0237.jpg,0.333333
T0238.jpg,0.435345
T0239.jpg,0.406716
T0240.jpg,0.648438
T0241.jpg,0.468254
T0242.jpg,0.486486
T0243.jpg,0.534965
T0244.jpg,0.416667
T0245.jpg,0.452489
T0246.jpg,0.486792
T0247.jpg,0.449612
T0248.jpg,0.341912
T0249.jpg,0.501845
T0250.jpg,0.671642
T0251.jpg,0.591078
T0252.jpg,0.334437
T0253.jpg,0.483051
T0254.jpg,0.572993
T0255.jpg,0.440816
T0256.jpg,0.378601
T0257.jpg,0.409639
T0258.jpg,0.411552
T0259.jpg,0.372951
T0260.jpg,0.358491
T0261.jpg,0.665505
T0262.jpg,0.629630
T0263.jpg,0.654110
T0264.jpg,0.542969
T0265.jpg,0.556818
T0266.jpg,0.396825
T0267.jpg,0.625000
T0268.jpg,0.413502
T0269.jpg,0.596552
T0270.jpg,0.390041
T0271.jpg,0.816667
T0272.jpg,0.343629
T0273.jpg,0.403509
T0274.jpg,0.455696
T0275.jpg,0.519313
T0276.jpg,0.437956
T0277.jpg,0.438849
T0278.jpg,0.513834
T0279.jpg,0.353448
T0280.jpg,0.355102
T0281.jpg,0.388664
T0282.jpg,0.385650
T0283.jpg,0.447489
T0284.jpg,0.411067
T0285.jpg,0.510714
T0286.jpg,0.560000
T0287.jpg,0.490040
T0288.jpg,0.465021
T0289.jpg,0.457014
T0290.jpg,0.403509
T0291.jpg,0.600719
T0292.jpg,0.368889
T0293.jpg,0.483193
T0294.jpg,0.432540
T0295.jpg,0.742063
T0296.jpg,0.494382
T0297.jpg,0.513619
T0298.jpg,0.690647
T0299.jpg,0.555118
T0300.jpg,0.451456
T0301.jpg,0.419753
T0302.jpg,0.434944
T0303.jpg,0.429150
T0304.jpg,0.844898
T0305.jpg,0.347032
T0306.jpg,0.643443
T0307.jpg,0.454918
T0308.jpg,0.410359
T0309.jpg,0.540925
T0310.jpg,0.835878
T0311.jpg,0.438525
T0312.jpg,0.441964
T0313.jpg,0.433333
T0314.jpg,0.396396
T0315.jpg,0.578704
T0316.jpg,0.414063
T0317.jpg,0.437788
T0318.jpg,0.452991
T0319.jpg,0.476415
T0320.jpg,0.539474
T0321.jpg,0.465986
T0322.jpg,0.769531
T0323.jpg,0.422222
T0324.jpg,0.553435
T0325.jpg,0.505792
T0326.jpg,0.500000
T0327.jpg,0.486486
T0328.jpg,0.383459
T0329.jpg,0.412811
T0330.jpg,0.445313
T0331.jpg,0.641379
T0332.jpg,0.396624
T0333.jpg,0.372951
T0334.jpg,0.460432
T0335.jpg,0.451362
T0336.jpg,0.565543
T0337.jpg,0.445946
T0338.jpg,0.451737
T0339.jpg,0.367521
T0340.jpg,0.387900
T0341.jpg,0.542435
T0342.jpg,0.741667
T0343.jpg,0.391608
T0344.jpg,0.551331
T0345.jpg,0.484252
T0346.jpg,0.739726
T0347.jpg,0.455197
T0348.jpg,0.393822
T0349.jpg,0.428571
T0350.jpg,0.446721
T0351.jpg,0.525000
T0352.jpg,0.554656
T0353.jpg,0.399267
T0354.jpg,0.369099
T0355.jpg,0.485232
T0356.jpg,0.446097
T0357.jpg,0.390511
T0358.jpg,0.481343
T0359.jpg,0.360000
T0360.jpg,0.644195
T0361.jpg,0.539033
T0362.jpg,0.421053
T0363.jpg,0.738956
T0364.jpg,0.643382
T0365.jpg,0.509025
T0366.jpg,0.355932
T0367.jpg,0.400901
T0368.jpg,0.523810
T0369.jpg,0.534413
T0370.jpg,0.697842
T0371.jpg,0.582031
T0372.jpg,0.452555
T0373.jpg,0.332061
T0374.jpg,0.570866
T0375.jpg,0.567797
T0376.jpg,0.476015
T0377.jpg,0.611538
T0378.jpg,0.395556
T0379.jpg,0.369099
T0380.jpg,0.364078
T0381.jpg,0.596958
T0382.jpg,0.508850
T0383.jpg,0.463203
T0384.jpg,0.341880
T0385.jpg,0.604000
T0386.jpg,0.328889
T0387.jpg,0.531690
T0388.jpg,0.373874
T0389.jpg,0.412766
T0390.jpg,0.401674
T0391.jpg,0.372093
T0392.jpg,0.504000
T0393.jpg,0.402439
T0394.jpg,0.560976
T0395.jpg,0.585821
T0396.jpg,0.366667
T0397.jpg,0.771084
T0398.jpg,0.592308
T0399.jpg,0.489879
T0400.jpg,0.396078
V0001.jpg,0.472441
V0002.jpg,0.430657
V0003.jpg,0.490975
V0004.jpg,0.311538
V0005.jpg,0.353982
V0006.jpg,0.686833
V0007.jpg,0.384615
V0008.jpg,0.397490
V0009.jpg,0.363309
V0010.jpg,0.476395
V0011.jpg,0.452915
V0012.jpg,0.410256
V0013.jpg,0.419492
V0014.jpg,0.594096
V0015.jpg,0.492366
V0016.jpg,0.355000
V0017.jpg,0.529221
V0018.jpg,0.397321
V0019.jpg,0.530172
V0020.jpg,0.445344
V0021.jpg,0.518519
V0022.jpg,0.403974
V0023.jpg,0.500000
V0024.jpg,0.614379
V0025.jpg,0.488599
V0026.jpg,0.647059
V0027.jpg,0.382900
V0028.jpg,0.536797
V0029.jpg,0.380282
V0030.jpg,0.572491
V0031.jpg,0.585455
V0032.jpg,0.450820
V0033.jpg,0.556017
V0034.jpg,0.495000
V0035.jpg,0.452675
V0036.jpg,0.447876
V0037.jpg,0.569930
V0038.jpg,0.476744
V0039.jpg,0.448505
V0040.jpg,0.383212
V0041.jpg,0.665468
V0042.jpg,0.504098
V0043.jpg,0.531381
V0044.jpg,0.430556
V0045.jpg,0.459016
V0046.jpg,0.791971
V0047.jpg,0.453704
V0048.jpg,0.507299
V0049.jpg,0.741445
V0050.jpg,0.445313
V0051.jpg,0.442688
V0052.jpg,0.327660
V0053.jpg,0.433735
V0054.jpg,0.677419
V0055.jpg,0.357692
V0056.jpg,0.478764
V0057.jpg,0.344681
V0058.jpg,0.544000
V0059.jpg,0.422819
V0060.jpg,0.369919
V0061.jpg,0.484321
V0062.jpg,0.438095
V0063.jpg,0.492593
V0064.jpg,0.451737
V0065.jpg,0.439516
V0066.jpg,0.486056
V0067.jpg,0.491597
V0068.jpg,0.492366
V0069.jpg,0.532189
V0070.jpg,0.557491
V0071.jpg,0.385542
V0072.jpg,0.500000
V0073.jpg,0.445946
V0074.jpg,0.480687
V0075.jpg,0.747331
V0076.jpg,0.405109
V0077.jpg,0.487273
V0078.jpg,0.414286
V0079.jpg,0.434629
V0080.jpg,0.412766
V0081.jpg,0.495798
V0082.jpg,0.397059
V0083.jpg,0.485477
V0084.jpg,0.441441
V0085.jpg,0.448819
V0086.jpg,0.475655
V0087.jpg,0.371981
V0088.jpg,0.421053
V0089.jpg,0.457338
V0090.jpg,0.488806
V0091.jpg,0.595556
V0092.jpg,0.597122
V0093.jpg,0.414530
V0094.jpg,0.488000
V0095.jpg,0.714286
V0096.jpg,0.476190
V0097.jpg,0.263566
V0098.jpg,0.501587
V0099.jpg,0.415493
V0100.jpg,0.674510
V0101.jpg,0.343750
V0102.jpg,0.419214
V0103.jpg,0.593857
V0104.jpg,0.466387
V0105.jpg,0.398601
V0106.jpg,0.316406
V0107.jpg,0.388000
V0108.jpg,0.523207
V0109.jpg,0.538117
V0110.jpg,0.476364
V0111.jpg,0.422131
V0112.jpg,0.523077
V0113.jpg,0.519856
V0114.jpg,0.500000
V0115.jpg,0.572464
V0116.jpg,0.409836
V0117.jpg,0.415584
V0118.jpg,0.676157
V0119.jpg,0.529412
V0120.jpg,0.472222
V0121.jpg,0.492248
V0122.jpg,0.455696
V0123.jpg,0.397683
V0124.jpg,0.560886
V0125.jpg,0.622222
V0126.jpg,0.496429
V0127.jpg,0.452675
V0128.jpg,0.612648
V0129.jpg,0.323077
V0130.jpg,0.478632
V0131.jpg,0.350806
V0132.jpg,0.363265
V0133.jpg,0.556391
V0134.jpg,0.478764
V0135.jpg,0.594378
V0136.jpg,0.468354
V0137.jpg,0.459016
V0138.jpg,0.320175
V0139.jpg,0.420561
V0140.jpg,0.531250
V0141.jpg,0.384259
V0142.jpg,0.498155
V0143.jpg,0.347280
V0144.jpg,0.368030
V0145.jpg,0.540193
V0146.jpg,0.382114
V0147.jpg,0.471631
V0148.jpg,0.506550
V0149.jpg,0.464567
V0150.jpg,0.523973
V0151.jpg,0.452206
V0152.jpg,0.506073
V0153.jpg,0.363281
V0154.jpg,0.349442
V0155.jpg,0.449393
V0156.jpg,0.521073
V0157.jpg,0.486989
V0158.jpg,0.399194
V0159.jpg,0.793991
V0160.jpg,0.726563
V0161.jpg,0.439850
V0162.jpg,0.398268
V0163.jpg,0.431298
V0164.jpg,0.435897
V0165.jpg,0.567442
V0166.jpg,0.392593
V0167.jpg,0.503401
V0168.jpg,0.510373
V0169.jpg,0.356061
V0170.jpg,0.322581
V0171.jpg,0.600775
V0172.jpg,0.475096
V0173.jpg,0.339286
V0174.jpg,0.346008
V0175.jpg,0.497942
V0176.jpg,0.380000
V0177.jpg,0.342629
V0178.jpg,0.368182
V0179.jpg,0.378049
V0180.jpg,0.475983
V0181.jpg,0.512821
V0182.jpg,0.405000
V0183.jpg,0.500000
V0184.jpg,0.353791
V0185.jpg,0.511450
V0186.jpg,0.471042
V0187.jpg,0.512000
V0188.jpg,0.437956
V0189.jpg,0.317857
V0190.jpg,0.385542
V0191.jpg,0.435897
V0192.jpg,0.537313
V0193.jpg,0.371728
V0194.jpg,0.438202
V0195.jpg,0.419929
V0196.jpg,0.425781
V0197.jpg,0.601423
V0198.jpg,0.457983
V0199.jpg,0.444882
V0200.jpg,0.363281
V0201.jpg,0.600000
V0202.jpg,0.509025
V0203.jpg,0.420408
V0204.jpg,0.489209
V0205.jpg,0.462783
V0206.jpg,0.373494
V0207.jpg,0.540230
V0208.jpg,0.742958
V0209.jpg,0.362934
V0210.jpg,0.389764
V0211.jpg,0.485356
V0212.jpg,0.598513
V0213.jpg,0.417722
V0214.jpg,0.579336
V0215.jpg,0.304933
V0216.jpg,0.623016
V0217.jpg,0.516014
V0218.jpg,0.555985
V0219.jpg,0.392562
V0220.jpg,0.421233
V0221.jpg,0.485149
V0222.jpg,0.442688
V0223.jpg,0.423237
V0224.jpg,0.475352
V0225.jpg,0.524823
V0226.jpg,0.541176
V0227.jpg,0.501618
V0228.jpg,0.459350
V0229.jpg,0.387931
V0230.jpg,0.431655
V0231.jpg,0.340164
V0232.jpg,0.482625
V0233.jpg,0.449123
V0234.jpg,0.483607
V0235.jpg,0.403433
V0236.jpg,0.350554
V0237.jpg,0.332000
V0238.jpg,0.452756
V0239.jpg,0.446970
V0240.jpg,0.508065
V0241.jpg,0.483516
V0242.jpg,0.850829
V0243.jpg,0.415441
V0244.jpg,0.455598
V0245.jpg,0.606618
V0246.jpg,0.350877
V0247.jpg,0.716000
V0248.jpg,0.373950
V0249.jpg,0.481343
V0250.jpg,0.375494
V0251.jpg,0.638060
V0252.jpg,0.552174
V0253.jpg,0.475352
V0254.jpg,0.532319
V0255.jpg,0.498195
V0256.jpg,0.363281
V0257.jpg,0.456432
V0258.jpg,0.475524
V0259.jpg,0.380952
V0260.jpg,0.465704
V0261.jpg,0.558923
V0262.jpg,0.397436
V0263.jpg,0.491736
V0264.jpg,0.434783
V0265.jpg,0.437186
V0266.jpg,0.505747
V0267.jpg,0.415020
V0268.jpg,0.460581
V0269.jpg,0.421875
V0270.jpg,0.614504
V0271.jpg,0.737410
V0272.jpg,0.485816
V0273.jpg,0.383966
V0274.jpg,0.464151
V0275.jpg,0.358333
V0276.jpg,0.436567
V0277.jpg,0.503937
V0278.jpg,0.371795
V0279.jpg,0.447257
V0280.jpg,0.503676
V0281.jpg,0.439655
V0282.jpg,0.380597
V0283.jpg,0.578755
V0284.jpg,0.428571
V0285.jpg,0.470588
V0286.jpg,0.478814
V0287.jpg,0.577617
V0288.jpg,0.472656
V0289.jpg,0.423529
V0290.jpg,0.479821
V0291.jpg,0.480702
V0292.jpg,0.477941
V0293.jpg,0.452830
V0294.jpg,0.413386
V0295.jpg,0.446602
V0296.jpg,0.426829
V0297.jpg,0.426087
V0298.jpg,0.439834
V0299.jpg,0.408511
V0300.jpg,0.383178
V0301.jpg,0.371560
V0302.jpg,0.475000
V0303.jpg,0.438462
V0304.jpg,0.290102
V0305.jpg,0.434426
V0306.jpg,0.394265
V0307.jpg,0.524887
V0308.jpg,0.525692
V0309.jpg,0.541379
V0310.jpg,0.436214
V0311.jpg,0.327801
V0312.jpg,0.579661
V0313.jpg,0.454198
V0314.jpg,0.370536
V0315.jpg,0.526132
V0316.jpg,0.419492
V0317.jpg,0.436214
V0318.jpg,0.432099
V0319.jpg,0.612648
V0320.jpg,0.352459
V0321.jpg,0.415584
V0322.jpg,0.406639
V0323.jpg,0.398305
V0324.jpg,0.439114
V0325.jpg,0.464567
V0326.jpg,0.435685
V0327.jpg,0.552632
V0328.jpg,0.358491
V0329.jpg,0.523985
V0330.jpg,0.531835
V0331.jpg,0.476000
V0332.jpg,0.418919
V0333.jpg,0.601626
V0334.jpg,0.431624
V0335.jpg,0.454545
V0336.jpg,0.465909
V0337.jpg,0.429967
V0338.jpg,0.445344
V0339.jpg,0.615094
V0340.jpg,0.395652
V0341.jpg,0.373874
V0342.jpg,0.738676
V0343.jpg,0.378378
V0344.jpg,0.650000
V0345.jpg,0.544118
V0346.jpg,0.550877
V0347.jpg,0.772989
V0348.jpg,0.479452
V0349.jpg,0.475771
V0350.jpg,0.425856
V0351.jpg,0.359073
V0352.jpg,0.408397
V0353.jpg,0.384083
V0354.jpg,0.411111
V0355.jpg,0.434211
V0356.jpg,0.480000
V0357.jpg,0.479554
V0358.jpg,0.521739
V0359.jpg,0.386957
V0360.jpg,0.392000
V0361.jpg,0.542125
V0362.jpg,0.560886
V0363.jpg,0.526316
V0364.jpg,0.561837
V0365.jpg,0.432331
V0366.jpg,0.417293
V0367.jpg,0.426160
V0368.jpg,0.353774
V0369.jpg,0.402655
V0370.jpg,0.416290
V0371.jpg,0.427885
V0372.jpg,0.396761
V0373.jpg,0.389831
V0374.jpg,0.360996
V0375.jpg,0.447273
V0376.jpg,0.524390
V0377.jpg,0.426966
V0378.jpg,0.551020
V0379.jpg,0.385965
V0380.jpg,0.375000
V0381.jpg,0.539286
V0382.jpg,0.504065
V0383.jpg,0.780220
V0384.jpg,0.431034
V0385.jpg,0.375527
V0386.jpg,0.400810
V0387.jpg,0.668000
V0388.jpg,0.412281
V0389.jpg,0.389671
V0390.jpg,0.337900
V0391.jpg,0.429825
V0392.jpg,0.464029
V0393.jpg,0.401786
V0394.jpg,0.463415
V0395.jpg,0.446281
V0396.jpg,0.517375
V0397.jpg,0.408397
V0398.jpg,0.668896
V0399.jpg,0.352941
V0400.jpg,0.570934
g0001.jpg,0.624294
g0002.jpg,0.802899
g0003.jpg,0.791045
g0004.jpg,0.667954
g0005.jpg,0.439093
g0006.jpg,0.713043
g0007.jpg,0.772595
g0008.jpg,0.460916
g0009.jpg,0.506623
g0010.jpg,0.630573
g0011.jpg,0.676737
g0012.jpg,0.496622
g0013.jpg,0.569892
g0014.jpg,0.777457
g0015.jpg,0.511873
g0016.jpg,0.705298
g0017.jpg,0.702875
g0018.jpg,0.894737
g0019.jpg,0.624224
g0020.jpg,0.581028
g0021.jpg,0.561594
g0022.jpg,0.582418
g0023.jpg,0.547278
g0024.jpg,0.698795
g0025.jpg,0.775000
g0026.jpg,0.888218
g0027.jpg,0.559524
g0028.jpg,0.793103
g0029.jpg,0.636986
g0030.jpg,0.658537
g0031.jpg,0.786942
g0032.jpg,0.569620
g0033.jpg,0.634304
g0034.jpg,0.857909
g0035.jpg,0.831804
g0036.jpg,0.800000
g0037.jpg,0.592262
g0038.jpg,0.759644
g0039.jpg,0.551282
g0040.jpg,0.847176
n0001.jpg,0.459391
n0002.jpg,0.423823
n0003.jpg,0.456446
n0004.jpg,0.450758
n0005.jpg,0.412162
n0006.jpg,0.471380
n0007.jpg,0.340136
n0008.jpg,0.483108
n0009.jpg,0.443299
n0010.jpg,0.439474
n0011.jpg,0.504854
n0012.jpg,0.445946
n0013.jpg,0.439873
n0014.jpg,0.424157
n0015.jpg,0.556213
n0016.jpg,0.441860
n0017.jpg,0.476534
n0018.jpg,0.447853
n0019.jpg,0.469841
n0020.jpg,0.431818
n0021.jpg,0.462209
n0022.jpg,0.498645
n0023.jpg,0.504043
n0024.jpg,0.472131
n0025.jpg,0.508108
n0026.jpg,0.524725
n0027.jpg,0.496042
n0028.jpg,0.510135
n0029.jpg,0.591304
n0030.jpg,0.561728
n0031.jpg,0.467742
n0032.jpg,0.366102
n0033.jpg,0.460265
n0034.jpg,0.441472
n0035.jpg,0.480000
n0036.jpg,0.476534
n0037.jpg,0.472131
n0038.jpg,0.433022
n0039.jpg,0.592391
n0040.jpg,0.447284
n0041.jpg,0.555866
n0042.jpg,0.481481
n0043.jpg,0.607450
n0044.jpg,0.518072
n0045.jpg,0.469453
n0046.jpg,0.423676
n0047.jpg,0.449367
n0048.jpg,0.400593
n0049.jpg,0.468665
n0050.jpg,0.558989
n0051.jpg,0.363636
n0052.jpg,0.448276
n0053.jpg,0.495575
n0054.jpg,0.545213
n0055.jpg,0.470790
n0056.jpg,0.424749
n0057.jpg,0.478873
n0058.jpg,0.594427
n0059.jpg,0.477987
n0060.jpg,0.429448
n0061.jpg,0.392962
n0062.jpg,0.386364
n0063.jpg,0.461538
n0064.jpg,0.472313
n0065.jpg,0.429967
n0066.jpg,0.488095
n0067.jpg,0.485119
n0068.jpg,0.434650
n0069.jpg,0.433775
n0070.jpg,0.423529
n0071.jpg,0.369637
n0072.jpg,0.445748
n0073.jpg,0.445910
n0074.jpg,0.413333
n0075.jpg,0.444444
n0076.jpg,0.500000
n0077.jpg,0.409091
n0078.jpg,0.433225
n0079.jpg,0.476780
n0080.jpg,0.404389
n0081.jpg,0.395570
n0082.jpg,0.423664
n0083.jpg,0.405797
n0084.jpg,0.379085
n0085.jpg,0.429936
n0086.jpg,0.500000
n0087.jpg,0.548287
n0088.jpg,0.431373
n0089.jpg,0.443038
n0090.jpg,0.430976
n0091.jpg,0.423780
n0092.jpg,0.473684
n0093.jpg,0.489552
n0094.jpg,0.422741
n0095.jpg,0.436111
n0096.jpg,0.442029
n0097.jpg,0.395683
n0098.jpg,0.411960
n0099.jpg,0.448378
n0100.jpg,0.457143
n0101.jpg,0.486486
n0102.jpg,0.530387
n0103.jpg,0.472892
n0104.jpg,0.536585
n0105.jpg,0.443038
n0106.jpg,0.416667
n0107.jpg,0.401294
n0108.jpg,0.239645
n0109.jpg,0.377709
n0110.jpg,0.411150
n0111.jpg,0.448718
n0112.jpg,0.428105
n0113.jpg,0.575000
n0114.jpg,0.525952
n0115.jpg,0.463668
n0116.jpg,0.510870
n0117.jpg,0.463087
n0118.jpg,0.439344
n0119.jpg,0.481579
n0120.jpg,0.420054
n0121.jpg,0.442953
n0122.jpg,0.478689
n0123.jpg,0.459877
n0124.jpg,0.451039
n0125.jpg,0.515060
n0126.jpg,0.401760
n0127.jpg,0.538462
n0128.jpg,0.396067
n0129.jpg,0.377104
n0130.jpg,0.369863
n0131.jpg,0.371875
n0132.jpg,0.421717
n0133.jpg,0.389205
n0134.jpg,0.428994
n0135.jpg,0.407407
n0136.jpg,0.447284
n0137.jpg,0.401294
n0138.jpg,0.460526
n0139.jpg,0.557632
n0140.jpg,0.586667
n0141.jpg,0.399361
n0142.jpg,0.371795
n0143.jpg,0.457447
n0144.jpg,0.395760
n0145.jpg,0.439446
n0146.jpg,0.381625
n0147.jpg,0.493333
n0148.jpg,0.362776
n0149.jpg,0.405797
n0150.jpg,0.395770
n0151.jpg,0.450000
n0152.jpg,0.440476
n0153.jpg,0.507331
n0154.jpg,0.430508
n0155.jpg,0.414239
n0156.jpg,0.465116
n0157.jpg,0.471380
n0158.jpg,0.500000
n0159.jpg,0.284375
n0160.jpg,0.383562
n0161.jpg,0.476190
n0162.jpg,0.562500
n0163.jpg,0.590909
n0164.jpg,0.451923
n0165.jpg,0.517799
n0166.jpg,0.470779
n0167.jpg,0.504559
n0168.jpg,0.428115
n0169.jpg,0.398305
n0170.jpg,0.538983
n0171.jpg,0.442308
n0172.jpg,0.395018
n0173.jpg,0.471186
n0174.jpg,0.452282
n0175.jpg,0.438776
n0176.jpg,0.385802
n0177.jpg,0.398577
n0178.jpg,0.436314
n0179.jpg,0.408696
n0180.jpg,0.380952
n0181.jpg,0.480000
n0182.jpg,0.327815
n0183.jpg,0.410494
n0184.jpg,0.433846
n0185.jpg,0.535354
n0186.jpg,0.396721
n0187.jpg,0.344371
n0188.jpg,0.382979
n0189.jpg,0.397924
n0190.jpg,0.409091
n0191.jpg,0.380328
n0192.jpg,0.323899
n0193.jpg,0.389831
n0194.jpg,0.411371
n0195.jpg,0.491525
n0196.jpg,0.479042
n0197.jpg,0.436578
n0198.jpg,0.465116
n0199.jpg,0.429379
n0200.jpg,0.437309
n0201.jpg,0.434921
n0202.jpg,0.412607
n0203.jpg,0.451807
n0204.jpg,0.490066
n0205.jpg,0.463023
n0206.jpg,0.489297
n0207.jpg,0.425868
n0208.jpg,0.436202
n0209.jpg,0.411268
n0210.jpg,0.420000
n0211.jpg,0.445783
n0212.jpg,0.342262
n0213.jpg,0.501511
n0214.jpg,0.519886
n0215.jpg,0.502841
n0216.jpg,0.417722
n0217.jpg,0.428161
n0218.jpg,0.578462
n0219.jpg,0.518900
n0220.jpg,0.513423
n0221.jpg,0.506250
n0222.jpg,0.555874
n0223.jpg,0.475248
n0224.jpg,0.583333
n0225.jpg,0.551948
n0226.jpg,0.544554
n0227.jpg,0.522491
n0228.jpg,0.462295
n0229.jpg,0.485623
n0230.jpg,0.644022
n0231.jpg,0.562500
n0232.jpg,0.384848
n0233.jpg,0.486772
n0234.jpg,0.504178
n0235.jpg,0.444444
n0236.jpg,0.381625
n0237.jpg,0.494624
n0238.jpg,0.318519
n0239.jpg,0.496479
n0240.jpg,0.465625
n0241.jpg,0.573770
n0242.jpg,0.467647
n0243.jpg,0.412844
n0244.jpg,0.488506
n0245.jpg,0.665680
n0246.jpg,0.379710
n0247.jpg,0.531856
n0248.jpg,0.623656
n0249.jpg,0.471429
n0250.jpg,0.465672
n0251.jpg,0.487805
n0252.jpg,0.529577
n0253.jpg,0.422287
n0254.jpg,0.419948
n0255.jpg,0.449315
n0256.jpg,0.469565
n0257.jpg,0.592476
n0258.jpg,0.386667
n0259.jpg,0.520000
n0260.jpg,0.497126
n0261.jpg,0.501458
n0262.jpg,0.632597
n0263.jpg,0.541026
n0264.jpg,0.371429
n0265.jpg,0.422840
n0266.jpg,0.452532
n0267.jpg,0.470588
n0268.jpg,0.433775
n0269.jpg,0.449857
n0270.jpg,0.517442
n0271.jpg,0.613971
n0272.jpg,0.460481
n0273.jpg,0.530220
n0274.jpg,0.540230
n0275.jpg,0.425714
n0276.jpg,0.424403
n0277.jpg,0.504886
n0278.jpg,0.515528
n0279.jpg,0.632979
n0280.jpg,0.585526
n0281.jpg,0.423729
n0282.jpg,0.531250
n0283.jpg,0.439759
n0284.jpg,0.581602
n0285.jpg,0.575221
n0286.jpg,0.512739
n0287.jpg,0.512048
n0288.jpg,0.574675
n0289.jpg,0.562874
n0290.jpg,0.336700
n0291.jpg,0.418831
n0292.jpg,0.450847
n0293.jpg,0.442997
n0294.jpg,0.485207
n0295.jpg,0.399408
n0296.jpg,0.581761
n0297.jpg,0.503049
n0298.jpg,0.495833
n0299.jpg,0.422287
n0300.jpg,0.365854
n0301.jpg,0.387931
n0302.jpg,0.452308
n0303.jpg,0.551205
n0304.jpg,0.428571
n0305.jpg,0.378016
n0306.jpg,0.466102
n0307.jpg,0.401639
n0308.jpg,0.507123
n0309.jpg,0.429878
n0310.jpg,0.418530
n0311.jpg,0.469841
n0312.jpg,0.450000
n0313.jpg,0.518182
n0314.jpg,0.450000
n0315.jpg,0.453901
n0316.jpg,0.594937
n0317.jpg,0.523220
n0318.jpg,0.514184
n0319.jpg,0.404459
n0320.jpg,0.474394
n0321.jpg,0.451351
n0322.jpg,0.388889
n0323.jpg,0.500000
n0324.jpg,0.425076
n0325.jpg,0.579832
n0326.jpg,0.477204
n0327.jpg,0.522059
n0328.jpg,0.477816
n0329.jpg,0.522989
n0330.jpg,0.431034
n0331.jpg,0.444767
n0332.jpg,0.406940
n0333.jpg,0.548495
n0334.jpg,0.558642
n0335.jpg,0.485714
n0336.jpg,0.411924
n0337.jpg,0.440120
n0338.jpg,0.444767
n0339.jpg,0.450311
n0340.jpg,0.547619
n0341.jpg,0.387302
n0342.jpg,0.542373
n0343.jpg,0.479452
n0344.jpg,0.420875
n0345.jpg,0.451827
n0346.jpg,0.566343
n0347.jpg,0.433566
n0348.jpg,0.398256
n0349.jpg,0.433962
n0350.jpg,0.421053
n0351.jpg,0.456395
n0352.jpg,0.494253
n0353.jpg,0.437870
n0354.jpg,0.398010
n0355.jpg,0.553371
n0356.jpg,0.465241
n0357.jpg,0.430380
n0358.jpg,0.447284
n0359.jpg,0.547945
n0360.jpg,0.401316
