g0001.jpg,1
g0002.jpg,1
g0003.jpg,1
g0004.jpg,1
g0005.jpg,1
g0006.jpg,1
g0007.jpg,1
g0008.jpg,1
g0009.jpg,1
g0010.jpg,1
g0011.jpg,1
g0012.jpg,1
g0013.jpg,1
g0014.jpg,1
g0015.jpg,1
g0016.jpg,1
g0017.jpg,1
g0018.jpg,1
g0019.jpg,1
g0020.jpg,1
g0021.jpg,1
g0022.jpg,1
g0023.jpg,1
g0024.jpg,1
g0025.jpg,1
g0026.jpg,1
g0027.jpg,1
g0028.jpg,1
g0029.jpg,1
g0030.jpg,1
g0031.jpg,1
g0032.jpg,1
g0033.jpg,1
g0034.jpg,1
g0035.jpg,1
g0036.jpg,1
g0037.jpg,1
g0038.jpg,1
g0039.jpg,1
g0040.jpg,1
n0001.jpg,0
n0002.jpg,0
n0003.jpg,0
n0004.jpg,0
n0005.jpg,0
n0006.jpg,0
n0007.jpg,0
n0008.jpg,0
n0009.jpg,0
n0010.jpg,0
n0011.jpg,0
n0012.jpg,0
n0013.jpg,0
n0014.jpg,0
n0015.jpg,0
n0016.jpg,0
n0017.jpg,0
n0018.jpg,0
n0019.jpg,0
n0020.jpg,0
n0021.jpg,0
n0022.jpg,0
n0023.jpg,0
n0024.jpg,0
n0025.jpg,0
n0026.jpg,0
n0027.jpg,0
n0028.jpg,0
n0029.jpg,0
n0030.jpg,0
n0031.jpg,0
n0032.jpg,0
n0033.jpg,0
n0034.jpg,0
n0035.jpg,0
n0036.jpg,0
n0037.jpg,0
n0038.jpg,0
n0039.jpg,0
n0040.jpg,0
n0041.jpg,0
n0042.jpg,0
n0043.jpg,0
n0044.jpg,0
n0045.jpg,0
n0046.jpg,0
n0047.jpg,0
n0048.jpg,0
n0049.jpg,0
n0050.jpg,0
n0051.jpg,0
n0052.jpg,0
n0053.jpg,0
n0054.jpg,0
n0055.jpg,0
n0056.jpg,0
n0057.jpg,0
n0058.jpg,0
n0059.jpg,0
n0060.jpg,0
n0061.jpg,0
n0062.jpg,0
n0063.jpg,0
n0064.jpg,0
n0065.jpg,0
n0066.jpg,0
n0067.jpg,0
n0068.jpg,0
n0069.jpg,0
n0070.jpg,0
n0071.jpg,0
n0072.jpg,0
n0073.jpg,0
n0074.jpg,0
n0075.jpg,0
n0076.jpg,0
n0077.jpg,0
n0078.jpg,0
n0079.jpg,0
n0080.jpg,0
n0081.jpg,0
n0082.jpg,0
n0083.jpg,0
n0084.jpg,0
n0085.jpg,0
n0086.jpg,0
n0087.jpg,0
n0088.jpg,0
n0089.jpg,0
n0090.jpg,0
n0091.jpg,0
n0092.jpg,0
n0093.jpg,0
n0094.jpg,0
n0095.jpg,0
n0096.jpg,0
n0097.jpg,0
n0098.jpg,0
n0099.jpg,0
n0100.jpg,0
n0101.jpg,0
n0102.jpg,0
n0103.jpg,0
n0104.jpg,0
n0105.jpg,0
n0106.jpg,0
n0107.jpg,0
n0108.jpg,0
n0109.jpg,0
n0110.jpg,0
n0111.jpg,0
n0112.jpg,0
n0113.jpg,0
n0114.jpg,0
n0115.jpg,0
n0116.jpg,0
n0117.jpg,0
n0118.jpg,0
n0119.jpg,0
n0120.jpg,0
n0121.jpg,0
n0122.jpg,0
n0123.jpg,0
n0124.jpg,0
n0125.jpg,0
n0126.jpg,0
n0127.jpg,0
n0128.jpg,0
n0129.jpg,0
n0130.jpg,0
n0131.jpg,0
n0132.jpg,0
n0133.jpg,0
n0134.jpg,0
n0135.jpg,0
n0136.jpg,0
n0137.jpg,0
n0138.jpg,0
n0139.jpg,0
n0140.jpg,0
n0141.jpg,0
n0142.jpg,0
n0143.jpg,0
n0144.jpg,0
n0145.jpg,0
n0146.jpg,0
n0147.jpg,0
n0148.jpg,0
n0149.jpg,0
n0150.jpg,0
n0151.jpg,0
n0152.jpg,0
n0153.jpg,0
n0154.jpg,0
n0155.jpg,0
n0156.jpg,0
n0157.jpg,0
n0158.jpg,0
n0159.jpg,0
n0160.jpg,0
n0161.jpg,0
n0162.jpg,0
n0163.jpg,0
n0164.jpg,0
n0165.jpg,0
n0166.jpg,0
n0167.jpg,0
n0168.jpg,0
n0169.jpg,0
n0170.jpg,0
n0171.jpg,0
n0172.jpg,0
n0173.jpg,0
n0174.jpg,0
n0175.jpg,0
n0176.jpg,0
n0177.jpg,0
n0178.jpg,0
n0179.jpg,0
n0180.jpg,0
n0181.jpg,0
n0182.jpg,0
n0183.jpg,0
n0184.jpg,0
n0185.jpg,0
n0186.jpg,0
n0187.jpg,0
n0188.jpg,0
n0189.jpg,0
n0190.jpg,0
n0191.jpg,0
n0192.jpg,0
n0193.jpg,0
n0194.jpg,0
n0195.jpg,0
n0196.jpg,0
n0197.jpg,0
n0198.jpg,0
n0199.jpg,0
n0200.jpg,0
n0201.jpg,0
n0202.jpg,0
n0203.jpg,0
n0204.jpg,0
n0205.jpg,0
n0206.jpg,0
n0207.jpg,0
n0208.jpg,0
n0209.jpg,0
n0210.jpg,0
n0211.jpg,0
n0212.jpg,0
n0213.jpg,0
n0214.jpg,0
n0215.jpg,0
n0216.jpg,0
n0217.jpg,0
n0218.jpg,0
n0219.jpg,0
n0220.jpg,0
n0221.jpg,0
n0222.jpg,0
n0223.jpg,0
n0224.jpg,0
n0225.jpg,0
n0226.jpg,0
n0227.jpg,0
n0228.jpg,0
n0229.jpg,0
n0230.jpg,0
n0231.jpg,0
n0232.jpg,0
n0233.jpg,0
n0234.jpg,0
n0235.jpg,0
n0236.jpg,0
n0237.jpg,0
n0238.jpg,0
n0239.jpg,0
n0240.jpg,0
n0241.jpg,0
n0242.jpg,0
n0243.jpg,0
n0244.jpg,0
n0245.jpg,0
n0246.jpg,0
n0247.jpg,0
n0248.jpg,0
n0249.jpg,0
n0250.jpg,0
n0251.jpg,0
n0252.jpg,0
n0253.jpg,0
n0254.jpg,0
n0255.jpg,0
n0256.jpg,0
n0257.jpg,0
n0258.jpg,0
n0259.jpg,0
n0260.jpg,0
n0261.jpg,0
n0262.jpg,0
n0263.jpg,0
n0264.jpg,0
n0265.jpg,0
n0266.jpg,0
n0267.jpg,0
n0268.jpg,0
n0269.jpg,0
n0270.jpg,0
n0271.jpg,0
n0272.jpg,0
n0273.jpg,0
n0274.jpg,0
n0275.jpg,0
n0276.jpg,0
n0277.jpg,0
n0278.jpg,0
n0279.jpg,0
n0280.jpg,0
n0281.jpg,0
n0282.jpg,0
n0283.jpg,0
n0284.jpg,0
n0285.jpg,0
n0286.jpg,0
n0287.jpg,0
n0288.jpg,0
n0289.jpg,0
n0290.jpg,0
n0291.jpg,0
n0292.jpg,0
n0293.jpg,0
n0294.jpg,0
n0295.jpg,0
n0296.jpg,0
n0297.jpg,0
n0298.jpg,0
n0299.jpg,0
n0300.jpg,0
n0301.jpg,0
n0302.jpg,0
n0303.jpg,0
n0304.jpg,0
n0305.jpg,0
n0306.jpg,0
n0307.jpg,0
n0308.jpg,0
n0309.jpg,0
n0310.jpg,0
n0311.jpg,0
n0312.jpg,0
n0313.jpg,0
n0314.jpg,0
n0315.jpg,0
n0316.jpg,0
n0317.jpg,0
n0318.jpg,0
n0319.jpg,0
n0320.jpg,0
n0321.jpg,0
n0322.jpg,0
n0323.jpg,0
n0324.jpg,0
n0325.jpg,0
n0326.jpg,0
n0327.jpg,0
n0328.jpg,0
n0329.jpg,0
n0330.jpg,0
n0331.jpg,0
n0332.jpg,0
n0333.jpg,0
n0334.jpg,0
n0335.jpg,0
n0336.jpg,0
n0337.jpg,0
n0338.jpg,0
n0339.jpg,0
n0340.jpg,0
n0341.jpg,0
n0342.jpg,0
n0343.jpg,0
n0344.jpg,0
n0345.jpg,0
n0346.jpg,0
n0347.jpg,0
n0348.jpg,0
n0349.jpg,0
n0350.jpg,0
n0351.jpg,0
n0352.jpg,0
n0353.jpg,0
n0354.jpg,0
n0355.jpg,0
n0356.jpg,0
n0357.jpg,0
n0358.jpg,0
n0359.jpg,0
n0360.jpg,0
T0001.jpg,0
T0002.jpg,0
T0003.jpg,0
T0004.jpg,0
T0005.jpg,0
T0006.jpg,0
T0007.jpg,0
T0008.jpg,0
T0009.jpg,0
T0010.jpg,1
T0011.jpg,0
T0012.jpg,0
T0013.jpg,0
T0014.jpg,0
T0015.jpg,0
T0016.jpg,0
T0017.jpg,1
T0018.jpg,0
T0019.jpg,0
T0020.jpg,0
T0021.jpg,0
T0022.jpg,0
T0023.jpg,0
T0024.jpg,0
T0025.jpg,0
T0026.jpg,0
T0027.jpg,0
T0028.jpg,1
T0029.jpg,0
T0030.jpg,0
T0031.jpg,1
T0032.jpg,0
T0033.jpg,0
T0034.jpg,0
T0035.jpg,0
T0036.jpg,0
T0037.jpg,0
T0038.jpg,0
T0039.jpg,0
T0040.jpg,0
T0041.jpg,0
T0042.jpg,0
T0043.jpg,0
T0044.jpg,0
T0045.jpg,0
T0046.jpg,0
T0047.jpg,0
T0048.jpg,0
T0049.jpg,1
T0050.jpg,0
T0051.jpg,1
T0052.jpg,0
T0053.jpg,1
T0054.jpg,0
T0055.jpg,0
T0056.jpg,0
T0057.jpg,0
T0058.jpg,0
T0059.jpg,1
T0060.jpg,0
T0061.jpg,0
T0062.jpg,0
T0063.jpg,1
T0064.jpg,0
T0065.jpg,0
T0066.jpg,0
T0067.jpg,0
T0068.jpg,0
T0069.jpg,0
T0070.jpg,0
T0071.jpg,0
T0072.jpg,0
T0073.jpg,0
T0074.jpg,0
T0075.jpg,0
T0076.jpg,0
T0077.jpg,0
T0078.jpg,0
T0079.jpg,0
T0080.jpg,0
T0081.jpg,0
T0082.jpg,0
T0083.jpg,0
T0084.jpg,0
T0085.jpg,0
T0086.jpg,0
T0087.jpg,0
T0088.jpg,0
T0089.jpg,0
T0090.jpg,0
T0091.jpg,0
T0092.jpg,0
T0093.jpg,0
T0094.jpg,1
T0095.jpg,0
T0096.jpg,0
T0097.jpg,0
T0098.jpg,0
T0099.jpg,0
T0100.jpg,0
T0101.jpg,0
T0102.jpg,0
T0103.jpg,0
T0104.jpg,0
T0105.jpg,0
T0106.jpg,0
T0107.jpg,0
T0108.jpg,0
T0109.jpg,0
T0110.jpg,0
T0111.jpg,0
T0112.jpg,0
T0113.jpg,0
T0114.jpg,0
T0115.jpg,0
T0116.jpg,1
T0117.jpg,0
T0118.jpg,0
T0119.jpg,0
T0120.jpg,0
T0121.jpg,0
T0122.jpg,0
T0123.jpg,0
T0124.jpg,0
T0125.jpg,0
T0126.jpg,0
T0127.jpg,0
T0128.jpg,0
T0129.jpg,0
T0130.jpg,0
T0131.jpg,1
T0132.jpg,0
T0133.jpg,0
T0134.jpg,0
T0135.jpg,0
T0136.jpg,0
T0137.jpg,0
T0138.jpg,0
T0139.jpg,0
T0140.jpg,0
T0141.jpg,0
T0142.jpg,0
T0143.jpg,0
T0144.jpg,0
T0145.jpg,0
T0146.jpg,0
T0147.jpg,1
T0148.jpg,0
T0149.jpg,0
T0150.jpg,0
T0151.jpg,0
T0152.jpg,0
T0153.jpg,0
T0154.jpg,0
T0155.jpg,1
T0156.jpg,0
T0157.jpg,0
T0158.jpg,0
T0159.jpg,0
T0160.jpg,0
T0161.jpg,0
T0162.jpg,0
T0163.jpg,0
T0164.jpg,0
T0165.jpg,0
T0166.jpg,0
T0167.jpg,0
T0168.jpg,0
T0169.jpg,0
T0170.jpg,0
T0171.jpg,0
T0172.jpg,0
T0173.jpg,0
T0174.jpg,0
T0175.jpg,0
T0176.jpg,1
T0177.jpg,0
T0178.jpg,0
T0179.jpg,0
T0180.jpg,0
T0181.jpg,0
T0182.jpg,0
T0183.jpg,0
T0184.jpg,0
T0185.jpg,0
T0186.jpg,0
T0187.jpg,0
T0188.jpg,1
T0189.jpg,0
T0190.jpg,0
T0191.jpg,0
T0192.jpg,0
T0193.jpg,0
T0194.jpg,0
T0195.jpg,0
T0196.jpg,0
T0197.jpg,0
T0198.jpg,0
T0199.jpg,0
T0200.jpg,0
T0201.jpg,1
T0202.jpg,0
T0203.jpg,0
T0204.jpg,0
T0205.jpg,0
T0206.jpg,0
T0207.jpg,0
T0208.jpg,0
T0209.jpg,0
T0210.jpg,0
T0211.jpg,0
T0212.jpg,1
T0213.jpg,0
T0214.jpg,0
T0215.jpg,0
T0216.jpg,0
T0217.jpg,0
T0218.jpg,0
T0219.jpg,0
T0220.jpg,0
T0221.jpg,0
T0222.jpg,0
T0223.jpg,1
T0224.jpg,0
T0225.jpg,0
T0226.jpg,0
T0227.jpg,0
T0228.jpg,0
T0229.jpg,0
T0230.jpg,0
T0231.jpg,0
T0232.jpg,0
T0233.jpg,0
T0234.jpg,1
T0235.jpg,0
T0236.jpg,0
T0237.jpg,0
T0238.jpg,0
T0239.jpg,0
T0240.jpg,1
T0241.jpg,0
T0242.jpg,0
T0243.jpg,0
T0244.jpg,0
T0245.jpg,0
T0246.jpg,0
T0247.jpg,0
T0248.jpg,0
T0249.jpg,0
T0250.jpg,1
T0251.jpg,0
T0252.jpg,0
T0253.jpg,0
T0254.jpg,0
T0255.jpg,0
T0256.jpg,0
T0257.jpg,0
T0258.jpg,0
T0259.jpg,0
T0260.jpg,0
T0261.jpg,0
T0262.jpg,0
T0263.jpg,1
T0264.jpg,0
T0265.jpg,0
T0266.jpg,0
T0267.jpg,1
T0268.jpg,0
T0269.jpg,0
T0270.jpg,0
T0271.jpg,1
T0272.jpg,0
T0273.jpg,0
T0274.jpg,0
T0275.jpg,0
T0276.jpg,0
T0277.jpg,0
T0278.jpg,0
T0279.jpg,0
T0280.jpg,0
T0281.jpg,0
T0282.jpg,0
T0283.jpg,0
T0284.jpg,0
T0285.jpg,0
T0286.jpg,0
T0287.jpg,0
T0288.jpg,0
T0289.jpg,0
T0290.jpg,0
T0291.jpg,0
T0292.jpg,0
T0293.jpg,0
T0294.jpg,0
T0295.jpg,1
T0296.jpg,0
T0297.jpg,0
T0298.jpg,0
T0299.jpg,0
T0300.jpg,0
T0301.jpg,0
T0302.jpg,0
T0303.jpg,0
T0304.jpg,1
T0305.jpg,0
T0306.jpg,1
T0307.jpg,0
T0308.jpg,0
T0309.jpg,0
T0310.jpg,1
T0311.jpg,0
T0312.jpg,0
T0313.jpg,0
T0314.jpg,0
T0315.jpg,1
T0316.jpg,0
T0317.jpg,0
T0318.jpg,0
T0319.jpg,0
T0320.jpg,1
T0321.jpg,0
T0322.jpg,1
T0323.jpg,0
T0324.jpg,0
T0325.jpg,0
T0326.jpg,0
T0327.jpg,0
T0328.jpg,0
T0329.jpg,0
T0330.jpg,0
T0331.jpg,0
T0332.jpg,0
T0333.jpg,0
T0334.jpg,0
T0335.jpg,0
T0336.jpg,0
T0337.jpg,0
T0338.jpg,0
T0339.jpg,0
T0340.jpg,0
T0341.jpg,0
T0342.jpg,1
T0343.jpg,0
T0344.jpg,0
T0345.jpg,0
T0346.jpg,1
T0347.jpg,0
T0348.jpg,0
T0349.jpg,0
T0350.jpg,0
T0351.jpg,0
T0352.jpg,0
T0353.jpg,0
T0354.jpg,0
T0355.jpg,0
T0356.jpg,0
T0357.jpg,0
T0358.jpg,0
T0359.jpg,0
T0360.jpg,1
T0361.jpg,0
T0362.jpg,0
T0363.jpg,1
T0364.jpg,0
T0365.jpg,0
T0366.jpg,0
T0367.jpg,0
T0368.jpg,1
T0369.jpg,0
T0370.jpg,1
T0371.jpg,1
T0372.jpg,0
T0373.jpg,0
T0374.jpg,0
T0375.jpg,0
T0376.jpg,0
T0377.jpg,0
T0378.jpg,0
T0379.jpg,0
T0380.jpg,0
T0381.jpg,0
T0382.jpg,0
T0383.jpg,0
T0384.jpg,0
T0385.jpg,0
T0386.jpg,0
T0387.jpg,0
T0388.jpg,0
T0389.jpg,0
T0390.jpg,0
T0391.jpg,0
T0392.jpg,0
T0393.jpg,0
T0394.jpg,0
T0395.jpg,0
T0396.jpg,0
T0397.jpg,1
T0398.jpg,0
T0399.jpg,0
T0400.jpg,0
V0001.jpg,0
V0002.jpg,0
V0003.jpg,0
V0004.jpg,0
V0005.jpg,0
V0006.jpg,1
V0007.jpg,0
V0008.jpg,0
V0009.jpg,0
V0010.jpg,0
V0011.jpg,0
V0012.jpg,0
V0013.jpg,0
V0014.jpg,0
V0015.jpg,0
V0016.jpg,0
V0017.jpg,0
V0018.jpg,0
V0019.jpg,0
V0020.jpg,0
V0021.jpg,0
V0022.jpg,0
V0023.jpg,0
V0024.jpg,0
V0025.jpg,0
V0026.jpg,1
V0027.jpg,0
V0028.jpg,1
V0029.jpg,0
V0030.jpg,0
V0031.jpg,0
V0032.jpg,1
V0033.jpg,0
V0034.jpg,0
V0035.jpg,0
V0036.jpg,0
V0037.jpg,0
V0038.jpg,0
V0039.jpg,0
V0040.jpg,0
V0041.jpg,1
V0042.jpg,0
V0043.jpg,0
V0044.jpg,0
V0045.jpg,0
V0046.jpg,1
V0047.jpg,0
V0048.jpg,0
V0049.jpg,1
V0050.jpg,0
V0051.jpg,0
V0052.jpg,0
V0053.jpg,0
V0054.jpg,1
V0055.jpg,0
V0056.jpg,0
V0057.jpg,0
V0058.jpg,0
V0059.jpg,0
V0060.jpg,0
V0061.jpg,0
V0062.jpg,0
V0063.jpg,0
V0064.jpg,0
V0065.jpg,0
V0066.jpg,0
V0067.jpg,0
V0068.jpg,0
V0069.jpg,0
V0070.jpg,0
V0071.jpg,0
V0072.jpg,0
V0073.jpg,0
V0074.jpg,0
V0075.jpg,1
V0076.jpg,0
V0077.jpg,0
V0078.jpg,0
V0079.jpg,0
V0080.jpg,0
V0081.jpg,0
V0082.jpg,0
V0083.jpg,0
V0084.jpg,0
V0085.jpg,0
V0086.jpg,0
V0087.jpg,0
V0088.jpg,0
V0089.jpg,0
V0090.jpg,0
V0091.jpg,0
V0092.jpg,0
V0093.jpg,0
V0094.jpg,0
V0095.jpg,1
V0096.jpg,0
V0097.jpg,0
V0098.jpg,1
V0099.jpg,0
V0100.jpg,1
V0101.jpg,0
V0102.jpg,0
V0103.jpg,0
V0104.jpg,0
V0105.jpg,0
V0106.jpg,0
V0107.jpg,0
V0108.jpg,0
V0109.jpg,0
V0110.jpg,0
V0111.jpg,0
V0112.jpg,0
V0113.jpg,0
V0114.jpg,0
V0115.jpg,0
V0116.jpg,0
V0117.jpg,0
V0118.jpg,0
V0119.jpg,0
V0120.jpg,0
V0121.jpg,0
V0122.jpg,0
V0123.jpg,0
V0124.jpg,0
V0125.jpg,1
V0126.jpg,0
V0127.jpg,0
V0128.jpg,1
V0129.jpg,0
V0130.jpg,0
V0131.jpg,0
V0132.jpg,0
V0133.jpg,0
V0134.jpg,0
V0135.jpg,0
V0136.jpg,0
V0137.jpg,0
V0138.jpg,0
V0139.jpg,0
V0140.jpg,0
V0141.jpg,0
V0142.jpg,0
V0143.jpg,0
V0144.jpg,0
V0145.jpg,0
V0146.jpg,0
V0147.jpg,0
V0148.jpg,0
V0149.jpg,1
V0150.jpg,0
V0151.jpg,0
V0152.jpg,0
V0153.jpg,0
V0154.jpg,0
V0155.jpg,0
V0156.jpg,0
V0157.jpg,0
V0158.jpg,0
V0159.jpg,1
V0160.jpg,1
V0161.jpg,0
V0162.jpg,0
V0163.jpg,0
V0164.jpg,0
V0165.jpg,0
V0166.jpg,0
V0167.jpg,0
V0168.jpg,0
V0169.jpg,0
V0170.jpg,0
V0171.jpg,1
V0172.jpg,0
V0173.jpg,0
V0174.jpg,0
V0175.jpg,1
V0176.jpg,0
V0177.jpg,0
V0178.jpg,0
V0179.jpg,0
V0180.jpg,0
V0181.jpg,1
V0182.jpg,0
V0183.jpg,0
V0184.jpg,0
V0185.jpg,0
V0186.jpg,0
V0187.jpg,0
V0188.jpg,0
V0189.jpg,0
V0190.jpg,0
V0191.jpg,0
V0192.jpg,0
V0193.jpg,0
V0194.jpg,0
V0195.jpg,0
V0196.jpg,0
V0197.jpg,0
V0198.jpg,0
V0199.jpg,0
V0200.jpg,0
V0201.jpg,0
V0202.jpg,0
V0203.jpg,0
V0204.jpg,0
V0205.jpg,1
V0206.jpg,0
V0207.jpg,0
V0208.jpg,1
V0209.jpg,0
V0210.jpg,0
V0211.jpg,0
V0212.jpg,0
V0213.jpg,0
V0214.jpg,1
V0215.jpg,0
V0216.jpg,1
V0217.jpg,0
V0218.jpg,0
V0219.jpg,0
V0220.jpg,0
V0221.jpg,0
V0222.jpg,0
V0223.jpg,0
V0224.jpg,0
V0225.jpg,0
V0226.jpg,1
V0227.jpg,1
V0228.jpg,0
V0229.jpg,0
V0230.jpg,0
V0231.jpg,0
V0232.jpg,0
V0233.jpg,0
V0234.jpg,0
V0235.jpg,0
V0236.jpg,0
V0237.jpg,0
V0238.jpg,0
V0239.jpg,0
V0240.jpg,0
V0241.jpg,0
V0242.jpg,1
V0243.jpg,0
V0244.jpg,0
V0245.jpg,0
V0246.jpg,0
V0247.jpg,1
V0248.jpg,0
V0249.jpg,0
V0250.jpg,0
V0251.jpg,0
V0252.jpg,1
V0253.jpg,0
V0254.jpg,0
V0255.jpg,0
V0256.jpg,0
V0257.jpg,0
V0258.jpg,0
V0259.jpg,0
V0260.jpg,0
V0261.jpg,0
V0262.jpg,0
V0263.jpg,0
V0264.jpg,0
V0265.jpg,0
V0266.jpg,0
V0267.jpg,0
V0268.jpg,0
V0269.jpg,0
V0270.jpg,1
V0271.jpg,1
V0272.jpg,0
V0273.jpg,0
V0274.jpg,0
V0275.jpg,0
V0276.jpg,0
V0277.jpg,0
V0278.jpg,0
V0279.jpg,0
V0280.jpg,0
V0281.jpg,0
V0282.jpg,0
V0283.jpg,0
V0284.jpg,0
V0285.jpg,1
V0286.jpg,0
V0287.jpg,0
V0288.jpg,0
V0289.jpg,0
V0290.jpg,0
V0291.jpg,0
V0292.jpg,0
V0293.jpg,0
V0294.jpg,0
V0295.jpg,0
V0296.jpg,0
V0297.jpg,0
V0298.jpg,0
V0299.jpg,0
V0300.jpg,0
V0301.jpg,0
V0302.jpg,0
V0303.jpg,0
V0304.jpg,0
V0305.jpg,0
V0306.jpg,0
V0307.jpg,0
V0308.jpg,0
V0309.jpg,0
V0310.jpg,0
V0311.jpg,0
V0312.jpg,0
V0313.jpg,0
V0314.jpg,0
V0315.jpg,0
V0316.jpg,0
V0317.jpg,0
V0318.jpg,0
V0319.jpg,1
V0320.jpg,0
V0321.jpg,0
V0322.jpg,0
V0323.jpg,0
V0324.jpg,0
V0325.jpg,0
V0326.jpg,0
V0327.jpg,0
V0328.jpg,0
V0329.jpg,0
V0330.jpg,0
V0331.jpg,0
V0332.jpg,0
V0333.jpg,1
V0334.jpg,0
V0335.jpg,0
V0336.jpg,0
V0337.jpg,0
V0338.jpg,0
V0339.jpg,0
V0340.jpg,0
V0341.jpg,0
V0342.jpg,1
V0343.jpg,0
V0344.jpg,1
V0345.jpg,0
V0346.jpg,0
V0347.jpg,1
V0348.jpg,0
V0349.jpg,0
V0350.jpg,0
V0351.jpg,0
V0352.jpg,0
V0353.jpg,0
V0354.jpg,0
V0355.jpg,0
V0356.jpg,0
V0357.jpg,0
V0358.jpg,0
V0359.jpg,0
V0360.jpg,0
V0361.jpg,0
V0362.jpg,0
V0363.jpg,0
V0364.jpg,0
V0365.jpg,0
V0366.jpg,0
V0367.jpg,0
V0368.jpg,0
V0369.jpg,0
V0370.jpg,0
V0371.jpg,0
V0372.jpg,0
V0373.jpg,0
V0374.jpg,0
V0375.jpg,0
V0376.jpg,0
V0377.jpg,0
V0378.jpg,0
V0379.jpg,0
V0380.jpg,0
V0381.jpg,0
V0382.jpg,0
V0383.jpg,1
V0384.jpg,0
V0385.jpg,1
V0386.jpg,0
V0387.jpg,1
V0388.jpg,0
V0389.jpg,0
V0390.jpg,0
V0391.jpg,0
V0392.jpg,0
V0393.jpg,0
V0394.jpg,0
V0395.jpg,0
V0396.jpg,0
V0397.jpg,0
V0398.jpg,0
V0399.jpg,0
V0400.jpg,0
